Workbook

Sheet DATA
A1: DEPARTAMENTO | B1: UBIGEO | C1: buenEstado | D1: =VLOOKUP(B1,contriSunat_2021!$A$1:$B$26,2,0) -> contribuyentes | E1: =VLOOKUP(B1,empleoPea_2017!$A$1:$B$26,2,0) -> peaOcupada | I1: buenEstado | J1: contribuyentes | K1: peaOcupada
A2: AMAZONAS | B2: 10000 | C2: 18.6 | D2: =VLOOKUP(B2,contriSunat_2021!$A$1:$B$26,2,0) -> 75035 | E2: =VLOOKUP(B2,empleoPea_2017!$A$1:$B$26,2,0) -> 130019 | H2: media | I2: =AVERAGE(C2:C26) -> 18.612 | J2: =AVERAGE(D2:D26) -> 437787.36 | K2: =AVERAGE(E2:E26) -> 492228.72 | S2: SUMMARY OUTPUT
A3: ÁNCASH | B3: 20000 | C3: 13.9 | D3: =VLOOKUP(B3,contriSunat_2021!$A$1:$B$26,2,0) -> 302906 | E3: =VLOOKUP(B3,empleoPea_2017!$A$1:$B$26,2,0) -> 387976 | H3: mediana | I3: =MEDIAN(C2:C26) -> 17.3 | J3: =MEDIAN(D2:D26) -> 218179 | K3: =MEDIAN(E2:E26) -> 321613
A4: APURÍMAC | B4: 30000 | C4: 8.7 | D4: =VLOOKUP(B4,contriSunat_2021!$A$1:$B$26,2,0) -> 103981 | E4: =VLOOKUP(B4,empleoPea_2017!$A$1:$B$26,2,0) -> 140341 | H4: cuartil 1 | I4: =QUARTILE(C2:C26,1) -> 13.9 | J4: =QUARTILE(D2:D26,1) -> 103981 | K4: =QUARTILE(E2:E26,1) -> 140341 | S4: Regression Statistics
A5: AREQUIPA | B5: 40000 | C5: 27.4 | D5: =VLOOKUP(B5,contriSunat_2021!$A$1:$B$26,2,0) -> 585628 | E5: =VLOOKUP(B5,empleoPea_2017!$A$1:$B$26,2,0) -> 645001 | H5: cuartil 2 | I5: =QUARTILE(C2:C26,2) -> 17.3 | J5: =QUARTILE(D2:D26,2) -> 218179 | K5: =QUARTILE(E2:E26,2) -> 321613 | S5: Multiple R | T5: 0.99658677
A6: AYACUCHO | B6: 50000 | C6: 17 | D6: =VLOOKUP(B6,contriSunat_2021!$A$1:$B$26,2,0) -> 151191 | E6: =VLOOKUP(B6,empleoPea_2017!$A$1:$B$26,2,0) -> 235857 | H6: cuartil 3 | I6: =QUARTILE(C2:C26,3) -> 21.8 | J6: =QUARTILE(D2:D26,3) -> 377618 | K6: =QUARTILE(E2:E26,3) -> 461312 | S6: R Square | T6: 0.99318518
A7: CAJAMARCA | B7: 60000 | C7: 18 | D7: =VLOOKUP(B7,contriSunat_2021!$A$1:$B$26,2,0) -> 277457 | E7: =VLOOKUP(B7,empleoPea_2017!$A$1:$B$26,2,0) -> 461312 | H7: rango | I7: =MAX(C2:C26)-MIN(C2:C26) -> 32.8 | J7: =MAX(D2:D26)-MIN(D2:D26) -> 4830553 | K7: =MAX(E2:E26)-MIN(E2:E26) -> 4472301 | S7: Adjusted R Square | T7: 0.99256565
A8: CALLAO | B8: 70000 | C8: 33.8 | D8: =VLOOKUP(B8,contriSunat_2021!$A$1:$B$26,2,0) -> 499257 | E8: =VLOOKUP(B8,empleoPea_2017!$A$1:$B$26,2,0) -> 445072 | H8: RIC | I8: =I6-I4 -> 7.9 | J8: =J6-J4 -> 273637 | K8: =K6-K4 -> 320971 | S8: Standard Error | T8: 74543.28
A9: CUSCO | B9: 80000 | C9: 11.9 | D9: =VLOOKUP(B9,contriSunat_2021!$A$1:$B$26,2,0) -> 466883 | E9: =VLOOKUP(B9,empleoPea_2017!$A$1:$B$26,2,0) -> 496399 | H9: varianza | I9: =VARP(C2:C26) -> 65.492256 | J9: =VARP(D2:D26) -> 8.4915112e+11 | K9: =VARP(E2:E26) -> 7.1753882e+11 | S9: Observations | T9: 25
A10: HUANCAVELICA | B10: 90000 | C10: 10.1 | D10: =VLOOKUP(B10,contriSunat_2021!$A$1:$B$26,2,0) -> 80353 | E10: =VLOOKUP(B10,empleoPea_2017!$A$1:$B$26,2,0) -> 111996 | H10: desviacion tipica | I10: =_xlfn.STDEV.P(C2:C26) -> 8.0927286 | J10: =_xlfn.STDEV.P(D2:D26) -> 921493.96 | K10: =_xlfn.STDEV.P(E2:E26) -> 847076.63
A11: HUÁNUCO | B11: 100000 | C11: 15.6 | D11: =VLOOKUP(B11,contriSunat_2021!$A$1:$B$26,2,0) -> 185658 | E11: =VLOOKUP(B11,empleoPea_2017!$A$1:$B$26,2,0) -> 253200 | H11: coeficiente de variacion | I11: =I10/I2 -> 0.43481241 | J11: =J10/J2 -> 2.1048894 | K11: =K10/K2 -> 1.7209005 | S11: ANOVA
A12: ICA | B12: 110000 | C12: 28.3 | D12: =VLOOKUP(B12,contriSunat_2021!$A$1:$B$26,2,0) -> 276632 | E12: =VLOOKUP(B12,empleoPea_2017!$A$1:$B$26,2,0) -> 369753 | H12: asimetria | I12: =_xlfn.SKEW.P(C2:C26) -> 0.95775059 | J12: =_xlfn.SKEW.P(D2:D26) -> 4.4830615 | K12: =_xlfn.SKEW.P(E2:E26) -> 4.319544 | T12: df | U12: SS | V12: MS | W12: F | X12: Significance F
A13: JUNÍN | B13: 120000 | C13: 11.6 | D13: =VLOOKUP(B13,contriSunat_2021!$A$1:$B$26,2,0) -> 377618 | E13: =VLOOKUP(B13,empleoPea_2017!$A$1:$B$26,2,0) -> 512532 | H13: curtosis | I13: =KURT(C2:C26) -> 0.87052304 | J13: =KURT(D2:D26) -> 23.426346 | K13: =KURT(E2:E26) -> 22.235153 | S13: Regression | T13: 2 | U13: 1.7816223e+13 | V13: 8.9081115e+12 | W13: 1603.1296 | X13: 1.4723023e-24
A14: LA LIBERTAD | B14: 130000 | C14: 21.8 | D14: =VLOOKUP(B14,contriSunat_2021!$A$1:$B$26,2,0) -> 489909 | E14: =VLOOKUP(B14,empleoPea_2017!$A$1:$B$26,2,0) -> 691563 | S14: Residual | T14: 22 | U14: 1.2224741e+11 | V14: 5.5567006e+09
A15: LAMBAYEQUE | B15: 140000 | C15: 19.4 | D15: =VLOOKUP(B15,contriSunat_2021!$A$1:$B$26,2,0) -> 345668 | E15: =VLOOKUP(B15,empleoPea_2017!$A$1:$B$26,2,0) -> 459254 | S15: Total | T15: 24 | U15: 1.793847e+13
A16: LIMA | B16: 150000 | C16: 31.4 | D16: =VLOOKUP(B16,contriSunat_2021!$A$1:$B$26,2,0) -> 4887993 | E16: =VLOOKUP(B16,empleoPea_2017!$A$1:$B$26,2,0) -> 4536507
A17: LORETO | B17: 160000 | C17: 15.1 | D17: =VLOOKUP(B17,contriSunat_2021!$A$1:$B$26,2,0) -> 218179 | E17: =VLOOKUP(B17,empleoPea_2017!$A$1:$B$26,2,0) -> 300663 | T17: Coefficients | U17: Standard Error | V17: t Stat | W17: P-value | X17: Lower 95% | Y17: Upper 95% | Z17: Lower 95.0% | AA17: Upper 95.0%
A18: MADRE DE DIOS | B18: 170000 | C18: 17.3 | D18: =VLOOKUP(B18,contriSunat_2021!$A$1:$B$26,2,0) -> 57440 | E18: =VLOOKUP(B18,empleoPea_2017!$A$1:$B$26,2,0) -> 64206 | S18: Intercept | T18: 115468.39 | U18: 37869.931 | V18: 3.0490784 | W18: 0.0058841567 | X18: 36930.96 | Y18: 194005.82 | Z18: 36930.96 | AA18: 194005.82
A19: MOQUEGUA | B19: 180000 | C19: 19 | D19: =VLOOKUP(B19,contriSunat_2021!$A$1:$B$26,2,0) -> 93002 | E19: =VLOOKUP(B19,empleoPea_2017!$A$1:$B$26,2,0) -> 82399 | S19: buenEstado | T19: -1411.6491 | U19: 1982.6824 | V19: -0.71198955 | W19: 0.48395388 | X19: -5523.4807 | Y19: 2700.1824 | Z19: -5523.4807 | AA19: 2700.1824
A20: PASCO | B20: 190000 | C20: 7.8 | D20: =VLOOKUP(B20,contriSunat_2021!$A$1:$B$26,2,0) -> 72646 | E20: =VLOOKUP(B20,empleoPea_2017!$A$1:$B$26,2,0) -> 97392 | S20: contribuyentes | T20: 0.92061576 | U20: 0.017412279 | V20: 52.87164 | W20: 1.1108455e-24 | X20: 0.8845049 | Y20: 0.95672662 | Z20: 0.8845049 | AA20: 0.95672662
A21: PIURA | B21: 200000 | C21: 22 | D21: =VLOOKUP(B21,contriSunat_2021!$A$1:$B$26,2,0) -> 480596 | E21: =VLOOKUP(B21,empleoPea_2017!$A$1:$B$26,2,0) -> 665465
A22: PUNO | B22: 210000 | C22: 7.7 | D22: =VLOOKUP(B22,contriSunat_2021!$A$1:$B$26,2,0) -> 307698 | E22: =VLOOKUP(B22,empleoPea_2017!$A$1:$B$26,2,0) -> 454941
A23: SAN MARTÍN | B23: 220000 | C23: 16.2 | D23: =VLOOKUP(B23,contriSunat_2021!$A$1:$B$26,2,0) -> 198605 | E23: =VLOOKUP(B23,empleoPea_2017!$A$1:$B$26,2,0) -> 321613
A24: TACNA | B24: 230000 | C24: 40.5 | D24: =VLOOKUP(B24,contriSunat_2021!$A$1:$B$26,2,0) -> 163436 | E24: =VLOOKUP(B24,empleoPea_2017!$A$1:$B$26,2,0) -> 161903
A25: TUMBES | B25: 240000 | C25: 17.3 | D25: =VLOOKUP(B25,contriSunat_2021!$A$1:$B$26,2,0) -> 85685 | E25: =VLOOKUP(B25,empleoPea_2017!$A$1:$B$26,2,0) -> 90571
A26: UCAYALI | B26: 250000 | C26: 14.9 | D26: =VLOOKUP(B26,contriSunat_2021!$A$1:$B$26,2,0) -> 161228 | E26: =VLOOKUP(B26,empleoPea_2017!$A$1:$B$26,2,0) -> 189783

Sheet localesPublicosEdu_2018
A1: DEPARTAMENTO | B1: UBIGEO | C1: buenEstado
A2: AMAZONAS | B2: 10000 | C2: 18.6
A3: ÁNCASH | B3: 20000 | C3: 13.9
A4: APURÍMAC | B4: 30000 | C4: 8.7
A5: AREQUIPA | B5: 40000 | C5: 27.4
A6: AYACUCHO | B6: 50000 | C6: 17
A7: CAJAMARCA | B7: 60000 | C7: 18
A8: CALLAO | B8: 70000 | C8: 33.8
A9: CUSCO | B9: 80000 | C9: 11.9
A10: HUANCAVELICA | B10: 90000 | C10: 10.1
A11: HUÁNUCO | B11: 100000 | C11: 15.6
A12: ICA | B12: 110000 | C12: 28.3
A13: JUNÍN | B13: 120000 | C13: 11.6
... A26: UCAYALI | B26: 250000 | C26: 14.9

Sheet contriSunat_2021
A1: UBIGEO | B1: contribuyentes
A2: 10000 | B2: 75035
A3: 20000 | B3: 302906
A4: 30000 | B4: 103981
A5: 40000 | B5: 585628
A6: 50000 | B6: 151191
A7: 60000 | B7: 277457
A8: 70000 | B8: 499257
A9: 80000 | B9: 466883
A10: 90000 | B10: 80353
A11: 100000 | B11: 185658
A12: 110000 | B12: 276632
A13: 120000 | B13: 377618
... A26: 250000 | B26: 161228

Sheet empleoPea_2017
A1: UBIGEO | B1: peaOcupada
A2: 10000 | B2: 130019
A3: 20000 | B3: 387976
A4: 30000 | B4: 140341
A5: 40000 | B5: 645001
A6: 50000 | B6: 235857
A7: 60000 | B7: 461312
A8: 70000 | B8: 445072
A9: 80000 | B9: 496399
A10: 90000 | B10: 111996
A11: 100000 | B11: 253200
A12: 110000 | B12: 369753
A13: 120000 | B13: 512532
... A26: 250000 | B26: 189783

Sheet pobUrbRural_2017
A1: UBIGEO | B1: TOTAL | C1: URBANO | D1: RURAL
A2: 10000 | B2: 417365 | C2: 205976 | D2: 211389
A3: 20000 | B3: 1139115 | C3: 806065 | D3: 333050
A4: 30000 | B4: 424259 | C4: 243354 | D4: 180905
A5: 40000 | B5: 1460433 | C5: 1383694 | D5: 76739
A6: 50000 | B6: 650940 | C6: 444473 | D6: 206467
A7: 60000 | B7: 1427527 | C7: 567141 | D7: 860386
A8: 70000 | B8: 1046953 | C8: 1046953 | D8: 0
A9: 80000 | B9: 1315220 | C9: 865771 | D9: 449449
A10: 90000 | B10: 367252 | C10: 166163 | D10: 201089
A11: 100000 | B11: 759962 | C11: 447620 | D11: 312342
A12: 110000 | B12: 893292 | C12: 831180 | D12: 62112
A13: 120000 | B13: 1316894 | C13: 993029 | D13: 323864
... A26: 250000 | B26: 548998 | C26: 444790 | D26: 104208
